<?xml version="1.0" encoding="utf-8" ?><dwsync><file name="borderTopRight.png" server="wheel2.audiodharma.org" local="3398108227" remote="20577977411" /><file name="borderTopLeft.png" server="wheel2.audiodharma.org" local="3398108226" remote="20577977410" /><file name="borderBottomCenter.png" server="wheel2.audiodharma.org" local="3398108226" remote="20577977410" /><file name="borderMiddleLeft.png" server="wheel2.audiodharma.org" local="3398108226" remote="20577977410" /><file name="borderMiddleRight.png" server="wheel2.audiodharma.org" local="3398108226" remote="20577977410" /><file name="borderBottomLeft.png" server="wheel2.audiodharma.org" local="3398108226" remote="20577977410" /><file name="borderBottomRight.png" server="wheel2.audiodharma.org" local="3398108226" remote="20577977410" /><file name="borderTopCenter.png" server="wheel2.audiodharma.org" local="3398108227" remote="20577977411" /></dwsync>